"cluster","p","padj","nseqs","nSubjects","nControls","nSeq.Sub","nSeq.Ctl","Consensus","vConsensus"
152424,8.00815246036597e-27,1.29554602270396e-23,13,3,1,8,5,"CASSQDGDNEQFF","TRBV4-3*01"
28624,2.52725140449365e-15,2.04427333374914e-12,4,1,0,4,0,"CSVGLAGGYTGELFF","TRBV29-1*01"
11642,1.12981388989172e-11,4.56948684072012e-09,3,2,0,3,0,"CASSLKGTPRREQYF","TRBV13*01"
102520,1.12981388989172e-11,4.56948684072012e-09,3,1,0,3,0,"CAWTAKAGAYEQYF","TRBV3-1*01"
4625,5.04294554794971e-08,3.26335847360244e-06,2,1,0,2,0,"CASRSSGTGPYEQYF","TRBV19*01"
9529,5.04294554794971e-08,3.26335847360244e-06,2,1,0,2,0,"CASSIRGQGFYGYTF","TRBV5-4*01"
11481,5.04294554794971e-08,3.26335847360244e-06,2,1,0,2,0,"CASSLGVQLNQPQHF","TRBV28*01"
18271,5.04294554794971e-08,3.26335847360244e-06,2,1,0,2,0,"CASSSRDAGGDEQFF","TRBV11-3*01"
19112,5.04294554794971e-08,3.26335847360244e-06,2,1,0,2,0,"CASSTSGTDRRALHF","TRBV27*01"
34451,5.04294554794971e-08,3.26335847360244e-06,2,1,0,2,0,"CASSVSGGEGSPLHF","TRBV9*01"
47067,5.04294554794971e-08,3.26335847360244e-06,2,1,0,2,0,"CASALGPNLRTDTQYF","TRBV6-1*01"
51902,5.04294554794971e-08,3.26335847360244e-06,2,1,0,2,0,"CASSFRRRLNTGELFF","TRBV12-1*01"
70883,5.04294554794971e-08,3.26335847360244e-06,2,1,0,2,0,"YASSKERQSRANVLTF","TRBV26*01"
79828,5.04294554794971e-08,3.26335847360244e-06,2,1,0,2,0,"CASSRELAGLTDTQYF","TRBV3-1*01"
84360,5.04294554794971e-08,3.26335847360244e-06,2,1,0,2,0,"CASSPGEKLFF","TRBV5-1*01"
93585,5.04294554794971e-08,3.26335847360244e-06,2,1,0,2,0,"CASSKNRVHYGYTF","TRBV6-4*01"
96006,5.04294554794971e-08,3.26335847360244e-06,2,1,0,2,0,"CASSPMGPGSEQYF","TRBV18*01"
118150,5.04294554794971e-08,3.26335847360244e-06,2,1,0,2,0,"CASSAGFYNSPLHF","TRBV19*01"
134846,5.04294554794971e-08,3.26335847360244e-06,2,1,0,2,0,"CASSPDRRTKQYF","TRBV7-9*01"
145381,5.04294554794971e-08,3.26335847360244e-06,2,1,0,2,0,"CASRGGFGSPLHF","TRBV27*01"
146355,5.04294554794971e-08,3.26335847360244e-06,2,1,0,2,0,"CASRDYLYNEQFF","TRBV25-1*01"
148826,5.04294554794971e-08,3.26335847360244e-06,2,1,0,2,0,"CASSVASENEQFF","TRBV9*01"
157169,5.04294554794971e-08,3.26335847360244e-06,2,1,0,2,0,"CASSFSGVSYSNQPQHF","TRBV12-1*01"
158845,5.04294554794971e-08,3.26335847360244e-06,2,1,0,2,0,"CASSLDPASATYNEQFF","TRBV11-2*01"
179211,5.04294554794971e-08,3.26335847360244e-06,2,1,0,2,0,"CASSVDFPGHLIQET?YF","TRBV9*01"
149402,1.51265770160694e-07,9.41212806251761e-06,3,1,1,2,1,"CASSLMAANEQFF","TRBV12-3*01"
75400,3.02486355347547e-07,1.74770557045395e-05,4,1,1,2,2,"CASSLGSGQGHYGYTF","TRBV11-2*01"
112977,3.02486355347547e-07,1.74770557045395e-05,4,1,1,2,2,"CAWSVMTG?SPLHF",NA
5150,5.04068629923506e-07,2.63056167992871e-05,5,1,1,2,3,"CASSAIYRGKDEQYF","TRBV5-1*01"
72383,5.04068629923506e-07,2.63056167992871e-05,5,1,1,2,3,"CASSLLPGTSYHEQFF","TRBV5-6*01"
176737,5.04068629923506e-07,2.63056167992871e-05,5,1,1,2,3,"CASSVDPGGRSYNSPLHF","TRBV9*01"
190131,7.55990020349271e-07,3.82196404271591e-05,6,1,1,2,4,"CRGRGGGNEQFF","TRBV20-1*01"
45029,1.41075989246563e-06,6.91607472668898e-05,8,1,2,2,6,"CASSQWTGMNTEAFF",NA
33396,1.81356326494349e-06,8.62927492969335e-05,9,1,1,2,7,"CASSINSRAGNTIYF","TRBV19*01"
41845,2.76989416647182e-06,0.000128031149272795,11,1,1,2,9,"CASSLGLGANSPLHF","TRBV7-2*01"
37067,3.3233766317121e-06,0.000149347368144565,12,1,2,2,10,"CASSSRG?GGYGYTF",NA
36241,6.03889453090892e-06,0.000257095432296837,16,1,4,2,14,"CASSLLS?SSYEQYF",NA
45337,6.03889453090892e-06,0.000257095432296837,16,1,2,2,14,"CASSITGSTNEKLFF","TRBV19*01"
84273,1.16144613490797e-05,0.00048178689062114,22,1,3,2,20,"CASSLWGEQ?F","TRBV7-9*01"
36868,2.49012045657563e-05,0.0010071192043161,32,1,4,2,30,"CASSPR?FSGNTIYF",NA
191761,2.98580296208606e-05,0.00117814243923669,35,1,4,2,33,"CASSLGIYEQYF",NA
99591,3.1609665281925e-05,0.0012175620953201,36,1,1,2,34,"CASSYRVGEGGYTF","TRBV6-5*01"
188900,8.26658655510788e-05,0.00311012808097829,58,1,3,2,56,"CASSLPNSPLHF","TRBV7-9*01"
37106,0.000110422840898737,0.00406000672014192,67,1,4,2,65,"CASSPNRGRNSPLHF",NA
38630,0.000149731387677447,0.0053829562294876,78,1,3,2,76,"CATSRDRGLNQPQHF","TRBV15*01"
118064,0.000313875493801235,0.0110387548849093,113,2,4,2,111,"CASSPLAGGYEQYF",NA
36211,0.000389852211905241,0.0131395132719407,126,1,2,2,124,"CASSQGDRGGYEQYF","TRBV3-1*01"
30593,0.000449430858603383,0.0137185285522274,2,1,1,1,1,"CASS?ARVPGNTIYF",NA
31785,0.000449430858603383,0.0137185285522274,2,1,1,1,1,"CASSSYGHPYNEQFF","TRBV5-1*01"
33304,0.000449430858603383,0.0137185285522274,2,1,1,1,1,"CA?SFGTGPSNE?FF",NA
33480,0.000449430858603383,0.0137185285522274,2,1,1,1,1,"CASSL?GLGSNEQFF",NA
129449,0.000449430858603383,0.0137185285522274,2,1,1,1,1,"CA?S?HTQYF",NA
117610,0.000494414830558778,0.0148121548048467,142,1,4,2,140,"CASSGTSGYNEQFF",NA
45768,0.000674070655019995,0.0188017355558149,3,1,1,1,2,"CASSPTRDSSYEQYF","TRBV18*01"
108888,0.000674070655019995,0.0188017355558149,3,1,1,1,2,"CASSLSGAGDGYTF","TRBV12-3*01"
125047,0.000674070655019995,0.0188017355558149,3,1,1,1,2,"CASSSGPPPYEQYF","TRBV27*01"
126683,0.000674070655019995,0.0188017355558149,3,1,1,1,2,"CASSLADGAYGYTF","TRBV5-1*01"
30207,0.000898660044574875,0.021070112518789,4,1,1,1,3,"CASSFRRQGDQPQHF","TRBV12-3*01"
49343,0.000898660044574875,0.021070112518789,4,1,1,1,3,"CASRSQTSEGYNEQFF","TRBV6-1*01"
60102,0.000898660044574875,0.021070112518789,4,1,1,1,3,"CASSQEEGVSGNEQFF","TRBV4-1*01"
78194,0.000898660044574875,0.021070112518789,4,1,1,1,3,"CASSLYGTSGYNEQFF","TRBV5-1*01"
108324,0.000898660044574875,0.021070112518789,4,1,1,1,3,"CASSFLDSVYGYTF","TRBV28*01"
113383,0.000898660044574875,0.021070112518789,4,1,1,1,3,"CASSPWTGPETQYF","TRBV7-6*01"
125018,0.000898660044574875,0.021070112518789,4,1,2,1,3,"CAS?PGTG?YEQYF",NA
143366,0.000898660044574875,0.021070112518789,4,1,2,1,3,"C??DGVNGETQYF",NA
148635,0.000898660044574875,0.021070112518789,4,1,1,1,3,"CASSESAGAQAFF","TRBV10-1*01"
152965,0.000898660044574875,0.021070112518789,4,1,1,1,3,"CASTWTVQETQYF","TRBV12-3*01"
30191,0.00112319903856111,0.0227136667026919,5,1,1,1,4,"CASSFREYSSYEQYF","TRBV21-1*01"
37598,0.00112319903856111,0.0227136667026919,5,1,1,1,4,"CASSLSGHGVYEQYF","TRBV7-2*01"
37796,0.00112319903856111,0.0227136667026919,5,1,1,1,4,"CASSLLDRTNTEAFF","TRBV2*01"
57484,0.00112319903856111,0.0227136667026919,5,1,1,1,4,"CASSNGRASGKGEQFF","TRBV7-9*01"
59563,0.00112319903856111,0.0227136667026919,5,1,1,1,4,"CASSPTTGAAGNTIYF","TRBV18*01"
85268,0.00107288343420049,0.0227136667026919,210,1,4,2,208,"CASR?NTEAFF",NA
115018,0.00112319903856111,0.0227136667026919,5,1,1,1,4,"CASSLMDGSYEQYF","TRBV6-1*01"
143768,0.00112319903856111,0.0227136667026919,5,1,1,1,4,"CASSPRRTGEAFF","TRBV19*01"
151003,0.00112319903856111,0.0227136667026919,5,1,2,1,4,"CASSPGTSKEQYF","TRBV5-1*01"
179033,0.00112319903856111,0.0227136667026919,5,1,1,1,4,"CASSLGLAGGLNYNEQFF","TRBV5-4*01"
196935,0.00112319903856111,0.0227136667026919,5,1,1,1,4,"CASSLERQGALTSSYNEQFF","TRBV5-1*01"
189746,0.00118656393481568,0.0236988153833954,221,1,4,2,219,"CA?R?SGNTIYF",NA
40428,0.00134768764826927,0.0259555642590439,6,1,1,1,5,"CASSVGLRGQETQYF","TRBV10-2*01"
42936,0.00134768764826927,0.0259555642590439,6,1,1,1,5,"CASSYVGRSSYEQYF","TRBV6-5*01"
186489,0.00134768764826927,0.0259555642590439,6,1,1,1,5,"CASSESEGEQFF","TRBV10-2*01"
85319,0.00145372358305224,0.0276683603211991,245,1,4,2,243,"CA?R??YEQYF",NA
95170,0.00157212588498737,0.0289018178033074,7,1,1,1,6,"CASSLVSYQGGYTF","TRBV5-6*01"
169452,0.00157212588498737,0.0289018178033074,7,1,1,1,6,"CASSLARRGVPQETQYF","TRBV7-9*01"
192411,0.00157212588498737,0.0289018178033074,7,1,2,1,6,"CASSFGVETQYF",NA
38834,0.00179651376000093,0.0305933795922836,8,1,1,1,7,"CASSYRGLAGGEQYF","TRBV6-2*01"
72846,0.00179651376000093,0.0305933795922836,8,1,1,1,7,"CASSPRQAGGYNEQFF","TRBV7-2*01"
74921,0.00179651376000093,0.0305933795922836,8,1,2,1,7,"C???DLRRSSYNEQFF",NA
83925,0.00179651376000093,0.0305933795922836,8,1,1,1,7,"CASSEIREQYF","TRBV7-9*01"
96077,0.00179651376000093,0.0305933795922836,8,1,1,1,7,"CASSPPETVSEQYF","TRBV18*01"
186873,0.00179651376000093,0.0305933795922836,8,1,2,1,7,"CASSLEWGEQFF","TRBV5-4*01"
192494,0.00179651376000093,0.0305933795922836,8,1,2,1,7,"CASSWEQETQYF","TRBV6-5*01"
100895,0.00202085128459292,0.0333602112218448,9,1,1,1,8,"CASYSRDRGGTQYF","TRBV5-4*01"
153703,0.00202085128459292,0.0333602112218448,9,1,1,1,8,"CASSYSWSGELFF","TRBV6-5*01"
162675,0.00202085128459292,0.0333602112218448,9,1,1,1,8,"CASSQETRRPNTGELFF","TRBV4-2*01"
30861,0.00269356186863154,0.0403481579724371,12,1,1,1,11,"CASSLRDLPTGELFF","TRBV7-2*01"
39564,0.00269356186863154,0.0403481579724371,12,1,1,1,11,"CAWSVGQGTETEAFF","TRBV30*01"
39924,0.00269356186863154,0.0403481579724371,12,1,1,1,11,"CASSLGLRGNYGYTF","TRBV11-2*01"
44277,0.00269356186863154,0.0403481579724371,12,1,1,1,11,"CASITGTANTGELFF","TRBV19*01"
73565,0.00269356186863154,0.0403481579724371,12,1,1,1,11,"CATPFNSGNIPDTQYF","TRBV10-1*01"
106729,0.00269356186863154,0.0403481579724371,12,1,1,1,11,"CSVKHRPPNEKLFF","TRBV29-1*01"
126988,0.00246937532763155,0.0403481579724371,11,1,1,1,10,"CASSQSGIYYGYTF","TRBV12-3*01"
129419,0.00269356186863154,0.0403481579724371,12,1,1,1,11,"CASSADTQYF","TRBV7-9*01"
142399,0.00269356186863154,0.0403481579724371,12,1,1,1,11,"CASSPERWETQYF","TRBV7-8*01"
169801,0.00269356186863154,0.0403481579724371,12,1,1,1,11,"CASSPRLAGLNTDTQYF","TRBV19*01"
147566,0.00291769810431668,0.0433046335554273,13,1,3,1,12,"CASSPETTYGYTF","TRBV11-2*01"
30230,0.00314178404595731,0.0434421170014001,14,1,1,1,13,"CASSYSRVSNYGYTF","TRBV6-5*01"
39638,0.00314178404595731,0.0434421170014001,14,1,1,1,13,"CASSPTSLGNTEAFF","TRBV5-4*01"
75804,0.00314178404595731,0.0434421170014001,14,1,1,1,13,"CSARKGQGALNTEAFF","TRBV20-1*01"
84472,0.00314178404595731,0.0434421170014001,14,1,2,1,13,"CASTEREKLFF","TRBV6-1*01"
85208,0.00314178404595731,0.0434421170014001,14,1,2,1,13,"CASSPNYGYTF","TRBV6-1*01"
117439,0.00314178404595731,0.0434421170014001,14,1,1,1,13,"CASSGGGPGETQYF","TRBV10-3*01"
121120,0.00314178404595731,0.0434421170014001,14,1,2,1,13,"CASSLWAENQPQHF","TRBV5-5*01"
187669,0.00314178404595731,0.0434421170014001,14,1,2,1,13,"CASSRYSYEQYF",NA
113038,0.00336581970482131,0.0457577224715873,15,1,2,1,14,"CASSPWDRSYGYTF","TRBV19*01"
186582,0.00336581970482131,0.0457577224715873,15,1,2,1,14,"CASS?RNEKLFF",NA
94780,0.00358980509217401,0.0479961068647245,16,1,1,1,15,"CASSLRGSLVGAFF","TRBV5-6*01"
186389,0.00358980509217401,0.0479961068647245,16,1,2,1,15,"CASSLRDEKLFF",NA
38076,0.0038137402192782,0.0485811620230152,17,1,1,1,16,"CATSDGGNTGETQYF","TRBV24-1*01"
59707,0.0038137402192782,0.0485811620230152,17,1,1,1,16,"CASSPYPQGGSAEAFF","TRBV4-1*01"
83237,0.0038137402192782,0.0485811620230152,17,1,1,1,16,"CSAALGVPQHF","TRBV20-1*01"
109454,0.0038137402192782,0.0485811620230152,17,1,1,1,16,"CSASSQGQGNGYTF","TRBV20-1*01"
187755,0.0038137402192782,0.0485811620230152,17,1,2,1,16,"CASSPGGGEQFF","TRBV27*01"
114740,0.00403762509739418,0.0510312885250734,18,1,3,1,17,"CASS?GQGGNTIYF",NA
31846,0.00426145973777973,0.0530317000900285,19,1,1,1,18,"CASSSPGRSSTEAFF","TRBV6-5*01"
188041,0.00426145973777973,0.0530317000900285,19,1,4,1,18,"CASSL?AGEQYF",NA
101038,0.00448524415169007,0.0545575626813114,20,1,1,1,19,"CATGWTSRGYEQYF","TRBV11-2*01"
112738,0.00448524415169007,0.0545575626813114,20,1,2,1,19,"CSARDVGFSYEQYF","TRBV20-1*01"
191188,0.00448524415169007,0.0545575626813114,20,1,1,1,19,"CASRKGPYGYTF","TRBV6-5*01"
75123,0.00470897835037798,0.0556066381324529,21,1,2,1,20,"CASSLDDGMSNQPQHF","TRBV7-2*01"
78428,0.00470897835037798,0.0556066381324529,21,1,2,1,20,"CASSLVLSSYNSPLHF","TRBV7-2*01"
83601,0.00470897835037798,0.0556066381324529,21,1,1,1,20,"CASSKLDGYTF","TRBV6-5*01"
155264,0.00470897835037798,0.0556066381324529,21,1,1,1,20,"CASRLKGGSYVTGELFF","TRBV6-1*01"
152417,0.00493266234509363,0.0578259550181085,22,1,2,1,21,"CASSFTSVNEQYF","TRBV7-8*01"
29236,0.00515629614708477,0.0595840925704972,23,1,1,1,22,"CASILEGRVSTEAFF","TRBV11-2*01"
71934,0.00515629614708477,0.0595840925704972,23,1,1,1,22,"CASSIGGQSWTDTQYF","TRBV19*01"
127642,0.00537987976759654,0.0617268293932636,24,1,2,1,23,"CASSPWT?NYGYTF","TRBV19*01"
113938,0.00560341321787163,0.0633923899610412,25,1,3,1,24,"CASSLSGG?DGYTF",NA
150076,0.00560341321787163,0.0633923899610412,25,1,1,1,24,"CATASGPNTEAFF","TRBV24-1*01"
84809,0.00582689650915021,0.065462912763819,26,1,3,1,25,"CASSSGGELFF",NA
33153,0.00716674354702649,0.0783394758269191,32,1,2,1,31,"CASSAPDATNEKLFF","TRBV7-9*01"
72002,0.00716674354702649,0.0783394758269191,32,1,1,1,31,"CASSISGTATYNEQFF","TRBV19*01"
41857,0.00761295846349291,0.0821074782413082,34,1,2,1,33,"C?AT?TGTYNSPLHF",NA
84471,0.00761295846349291,0.0821074782413082,34,1,3,1,33,"CASSQNEKLFF",NA
150862,0.00805897314816396,0.0863422325710657,36,1,4,1,35,"CASSLVAGNEQYF","TRBV7-8*01"
104966,0.00850478769074994,0.0899275079321567,38,1,1,1,37,"CSARGQYTRETQYF","TRBV20-1*01"
121217,0.00850478769074994,0.0899275079321567,38,1,2,1,37,"CASSTTRMNTEAFF","TRBV27*01"
148644,0.00872761993678451,0.0916844359523268,39,1,2,1,38,"CASSPSEGTEAFF","TRBV7-3*01"
129180,0.00917313443436182,0.095742898864897,41,1,1,1,40,"CSLGETEAFF","TRBV29-1*01"
102570,0.0107308614094546,0.110574617617522,48,1,1,1,47,"Not Computed","Not Computed"
120741,0.0107308614094546,0.110574617617522,48,1,1,1,47,"Not Computed","Not Computed"
38064,0.0108833756768721,0.111436393002244,692,2,4,2,690,"Not Computed","Not Computed"
113729,0.0113977099432707,0.115243948729272,51,1,3,1,50,"Not Computed","Not Computed"
187581,0.0116198930377085,0.116760720700069,52,1,2,1,51,"Not Computed","Not Computed"
147552,0.0119511560384122,0.119348073989995,727,1,4,2,725,"Not Computed","Not Computed"
146310,0.0122861432269338,0.121940643381533,55,1,4,1,54,"Not Computed","Not Computed"
147061,0.0138389837189563,0.136515153898642,62,1,4,1,61,"Not Computed","Not Computed"
85005,0.0145037403908242,0.1413489029488,65,1,4,1,64,"Not Computed","Not Computed"
91582,0.0147252265103672,0.141799015302116,66,1,1,1,65,"Not Computed","Not Computed"
144898,0.0147252265103672,0.141799015302116,66,1,3,1,65,"Not Computed","Not Computed"
37685,0.0173791865036544,0.165386872675901,78,1,4,1,77,"Not Computed","Not Computed"
190292,0.0173791865036544,0.165386872675901,78,1,2,1,77,"Not Computed","Not Computed"
37788,0.0180415604975727,0.170686235947186,81,1,4,1,80,"Not Computed","Not Computed"
96788,0.0189240324049373,0.177994158155798,85,1,1,1,84,"Not Computed","Not Computed"
84348,0.0202462558125495,0.189329866830365,91,1,3,1,90,"Not Computed","Not Computed"
118791,0.0206866014488221,0.190150290047637,93,1,4,1,92,"Not Computed","Not Computed"
189250,0.0206866014488221,0.190150290047637,93,1,4,1,92,"Not Computed","Not Computed"
191840,0.0209067001606203,0.191087701715864,94,1,4,1,93,"Not Computed","Not Computed"
189573,0.0213467494268804,0.194013639482023,96,1,4,1,95,"Not Computed","Not Computed"
189574,0.0224460088576192,0.202864760064724,101,1,4,1,100,"Not Computed","Not Computed"
108123,0.0231049726828941,0.207660295153765,104,1,1,1,103,"Not Computed","Not Computed"
38992,0.0248600420869699,0.222199868379142,112,1,1,1,111,"Not Computed","Not Computed"
168043,0.026393145112052,0.234606624111556,119,1,1,1,118,"Not Computed","Not Computed"
120430,0.0277053178465945,0.244924685955996,125,1,4,1,124,"Not Computed","Not Computed"
84907,0.0294521352375973,0.258952122852667,133,1,4,1,132,"Not Computed","Not Computed"
152398,0.0296702669773916,0.259459895267829,134,1,4,1,133,"Not Computed","Not Computed"
45010,0.0318488940015841,0.277014131063173,144,1,1,1,143,"Not Computed","Not Computed"
188505,0.0325015292459317,0.281178883301726,147,1,4,1,146,"Not Computed","Not Computed"
120807,0.0329363753586285,0.283425203315857,149,1,4,1,148,"Not Computed","Not Computed"
190616,0.0331537252327217,0.283786049488281,150,1,4,1,149,"Not Computed","Not Computed"
153484,0.0357581225049539,0.304467975603168,162,1,1,1,161,"Not Computed","Not Computed"
190321,0.0407303213408765,0.344988788774655,185,1,4,1,184,"Not Computed","Not Computed"
171355,0.0415924346606174,0.350456102688693,189,1,4,1,188,"Not Computed","Not Computed"
84906,0.0456769204476265,0.382877653457367,208,1,4,1,207,"Not Computed","Not Computed"
192420,0.0480336742607446,0.400557244969878,219,1,4,1,218,"Not Computed","Not Computed"
190575,0.0546442171525722,0.453346335763565,250,1,4,1,249,"Not Computed","Not Computed"
147699,0.0550691265120586,0.454540545920191,252,1,3,1,251,"Not Computed","Not Computed"
38476,0.0614199323775443,0.504386693234245,282,1,4,1,281,"Not Computed","Not Computed"
84742,0.0717013947360456,0.585845267564312,331,1,4,1,330,"Not Computed","Not Computed"
150014,0.0760732397842466,0.618442530497091,352,1,4,1,351,"Not Computed","Not Computed"
39234,0.082076773774076,0.663912421408353,381,1,4,1,380,"Not Computed","Not Computed"
85002,0.0845495872063423,0.680512249121479,393,1,4,1,392,"Not Computed","Not Computed"
37889,0.0853723794261664,0.683732980647433,397,1,4,1,396,"Not Computed","Not Computed"
127116,0.101068000428491,0.797591147611471,474,1,4,1,473,"Not Computed","Not Computed"
116573,0.101875969139241,0.800064582733948,478,1,4,1,477,"Not Computed","Not Computed"
192288,0.109715764667933,0.857470527219562,517,1,4,1,516,"Not Computed","Not Computed"
120414,0.292056798402445,1,4786,1,4,2,4784,"Not Computed","Not Computed"
147537,1,1,12430,1,4,2,12428,"Not Computed","Not Computed"
148012,0.143291534559981,1,688,1,2,1,687,"Not Computed","Not Computed"
