cluster,p,padj,nseqs,nSubjects,nControls,nSeq.Sub,nSeq.Ctl,Consensus,vConsensus
18505,2.37472361027943E-10,2.69399069557512E-07,8,2,1,3,5,CASSQEGDNEQFF,TRBV6-1*01
12445,2.62664053026295E-08,1.41894109848415E-06,2,1,0,2,0,CASSAYGVDEQYF,TRBV9*01
31712,2.62664053026295E-08,1.41894109848415E-06,2,1,0,2,0,CASSEYEDLRGGYTF,TRBV2*01
34027,2.62664053026295E-08,1.41894109848415E-06,2,1,0,2,0,CASSIRGQGFYGYTF,TRBV5-4*01
61006,2.62664053026295E-08,1.41894109848415E-06,2,1,0,2,0,CASSYGQGVIHEQFF,TRBV6-5*01
70046,2.88045722099609E-09,1.41894109848415E-06,17,2,2,3,14,CASSITGSTNEKLFF,TRBV19*01
72303,2.62664053026295E-08,1.41894109848415E-06,2,1,0,2,0,CASGSDRPGNTIYF,TRBV7-9*01
75744,2.62664053026295E-08,1.41894109848415E-06,2,1,0,2,0,CASSAQRLDYEQYF,TRBV7-9*01
77969,2.62664053026295E-08,1.41894109848415E-06,2,1,0,2,0,CASSHDNPDSPLHF,TRBV1-2*01
78655,2.62664053026295E-08,1.41894109848415E-06,2,2,0,2,0,CASSKNRVHYGYTF,TRBV6-4*01
88412,2.62664053026295E-08,1.41894109848415E-06,2,1,0,2,0,CSAKSPPSYNEQFF,TRBV2*01
94638,2.62664053026295E-08,1.41894109848415E-06,2,1,0,2,0,CASSWGVDVGELFF,TRBV5-1*01
95655,2.62664053026295E-08,1.41894109848415E-06,2,1,0,2,0,CASRPTTGESGYTF,TRBV27*01
105227,2.62664053026295E-08,1.41894109848415E-06,2,1,0,2,0,CASSLGFHTGELFF,TRBV5-1*01
113964,2.62664053026295E-08,1.41894109848415E-06,2,1,0,2,0,CAISESEDSPNSPLHF,TRBV1-3*01
128543,2.62664053026295E-08,1.41894109848415E-06,2,1,0,2,0,CASSRPLKEGEETQYF,TRBV6-1*01
158794,2.62664053026295E-08,1.41894109848415E-06,2,1,0,2,0,CASSSRQYQGFDEKLFF,TRBV6-1*01
159859,2.62664053026295E-08,1.41894109848415E-06,2,1,0,2,0,CASSYQGGEPFLYEQYF,TRBV6-1*01
160734,2.62664053026295E-08,1.41894109848415E-06,2,1,0,2,0,CASTTGGGMGSQETQYF,TRBV5-1*01
168567,2.62664053026295E-08,1.41894109848415E-06,2,1,0,2,0,CASSREGAVQYF,TRBV7-9*01
184281,2.62664053026295E-08,1.41894109848415E-06,2,1,0,2,0,CASSRLPWCYKVGHVLTF,TRBV6-2*01
142660,1.57564488731184E-07,8.12491235836366E-06,4,1,1,2,2,CASSLGSGQGHYGYTF,TRBV11-2*01
173470,9.44878001509569E-07,4.66048294686253E-05,9,1,2,2,7,CASSLEWGEQFF,TRBV5-4*01
61530,1.7317167827972E-06,8.18556469763581E-05,12,1,2,2,10,CASSSRG?GGYGYTF,NA
140779,4.01184147842984E-06,0.00018204836248275,18,1,1,2,16,CASTIGGAPPYNEQFF,TRBV19*01
145159,4.98095257811868E-06,0.000217331201156463,20,1,2,2,18,CSARGGSSGRSYEQYF,TRBV20-1*01
146394,8.51454803124709E-06,0.000357751000359934,26,1,4,2,24,CASSLSSGLSTDTQYF,NA
177533,6.85025269355467E-05,0.00277543833174807,73,1,3,2,71,CASSYSGQPQHF,NA
62577,7.82353301512632E-05,0.00306046870523947,78,1,4,2,76,CASSL?GT?G?EQFF,NA
6051,0.000324463320955617,0.00920213581831302,2,1,1,1,1,CASSQLTGQSKYF,TRBV14*01
16810,0.000324463320955617,0.00920213581831302,2,1,1,1,1,CASSLATGGEAFF,TRBV5-1*01
39329,0.000324463320955617,0.00920213581831302,2,1,1,1,1,CASSPRDRGGDEQFF,NA
56184,0.000324463320955617,0.00920213581831302,2,1,1,1,1,CA?SRGS?DSYEQYF,NA
62625,0.000324463320955617,0.00920213581831302,2,1,1,1,1,CASTT?AANTGELFF,NA
109557,0.000324463320955617,0.00920213581831302,2,1,1,1,1,CASSQGGT?DTQYF,NA
112314,0.000244689157713403,0.00920213581831302,138,1,4,2,136,CASS?RDSSYEQYF,NA
121570,0.000324463320955617,0.00920213581831302,2,1,1,1,1,CASSLAYWADTDTQYF,TRBV5-6*01
140229,0.000324463320955617,0.00920213581831302,2,1,1,1,1,CASSQDRWG?NTEAFF,NA
176549,0.000324463320955617,0.00920213581831302,2,1,1,1,1,CASSQGGPEAFF,TRBV3-1*01
189037,0.000324463320955617,0.00920213581831302,2,1,1,1,1,CASSLRTSGSQGVYNEQFF,TRBV27*01
5864,0.000486655586068614,0.0119858516183279,3,1,1,1,2,CASSPWTSSEAFF,TRBV4-1*01
16750,0.000486655586068614,0.0119858516183279,3,1,1,1,2,CASRGHLTYEQYF,TRBV2*01
43174,0.000486655586068614,0.0119858516183279,3,1,1,1,2,CASSSYREDNSPLHF,TRBV19*01
67131,0.000486655586068614,0.0119858516183279,3,1,1,1,2,CASRDVLSYNSPLHF,TRBV5-1*01
68518,0.000486655586068614,0.0119858516183279,3,1,1,1,2,CASSSLGTRSYEQYF,TRBV4-1*01
112193,0.000496573722055791,0.0119858516183279,197,1,4,2,195,CASSRGG?NEKLFF,NA
175522,0.000486655586068614,0.0119858516183279,3,1,1,1,2,CASSFGVGEQFF,TRBV7-6*01
16238,0.000648821593261908,0.0138877678050268,4,1,1,1,3,CASSELRYTEAFF,TRBV2*01
66692,0.000648821593261908,0.0138877678050268,4,1,1,1,3,CASSLVLTVYNEQFF,TRBV6-5*01
97394,0.000648821593261908,0.0138877678050268,4,1,1,1,3,CASSEDPGGNEQFF,NA
156330,0.000648821593261908,0.0138877678050268,4,1,1,1,3,CASSPPRQAGGNNEQFF,TRBV18*01
161707,0.000648821593261908,0.0138877678050268,4,1,1,1,3,CATSRTLLFPGANVLTF,TRBV15*01
194566,0.000648821593261908,0.0138877678050268,4,1,1,1,3,CSALVGMGYTF,TRBV29-1*01
25325,0.000810961346777274,0.0161401780129908,5,1,1,1,4,CASAPGGGPRNTIYF,TRBV4-1*01
177377,0.000810961346777274,0.0161401780129908,5,1,2,1,4,CSVQQGGYEQYF,TRBV20-1*01
187556,0.000810961346777274,0.0161401780129908,5,1,1,1,4,CASSLGYKTSGSYNEQFF,TRBV11-2*01
64794,0.000973074850855802,0.0167257397166854,6,1,2,1,5,CASSSRTGMYNEQFF,NA
103621,0.000973074850855802,0.0167257397166854,6,1,1,1,5,CASSRGQPNSPLHF,TRBV5-4*01
116617,0.000973074850855802,0.0167257397166854,6,1,1,1,5,CASRSSSLSSYNEQFF,TRBV7-3*01
160767,0.000973074850855802,0.0167257397166854,6,1,1,1,5,CASTWTGGASGANVLTF,TRBV10-2*01
163831,0.000973074850855802,0.0167257397166854,6,1,1,1,5,CASRYRDNRSYNSPLHF,TRBV28*01
172779,0.000973074850855802,0.0167257397166854,6,1,2,1,5,CASSIPFEKLFF,TRBV19*01
173489,0.000973074850855802,0.0167257397166854,6,1,1,1,5,CASSPVVGGYTF,TRBV5-4*01
176735,0.000973074850855802,0.0167257397166854,6,1,1,1,5,CASRPGTGELFF,TRBV7-6*01
195556,0.000973074850855802,0.0167257397166854,6,1,1,1,5,CASSFDGEQYF,TRBV18*01
109492,0.0011351621097379,0.0183968246022744,7,1,1,1,6,CASSKGIGEETQYF,TRBV2*01
168151,0.0011351621097379,0.0183968246022744,7,1,1,1,6,CASSLRFRPQHF,TRBV12-3*01
171839,0.0011351621097379,0.0183968246022744,7,1,1,1,6,CSAPGTSYEQFF,TRBV20-1*01
177277,0.0011351621097379,0.0183968246022744,7,1,1,1,6,CASSLQVTEQFF,TRBV7-9*01
63554,0.00129722312766329,0.0198868493800555,8,1,1,1,7,CASSEVGFGANVLTF,TRBV2*01
65732,0.00129722312766329,0.0198868493800555,8,1,1,1,7,CSAIRGLAGVYEQYF,TRBV20-1*01
129108,0.00129722312766329,0.0198868493800555,8,1,1,1,7,CASSSGPYQGSDTQYF,TRBV5-4*01
147134,0.00129722312766329,0.0198868493800555,8,1,2,1,7,CASSSLTSGSSYEQYF,TRBV7-9*01
136067,0.00145925790887101,0.0217821871316434,9,1,1,1,8,CSARDLIGGGGPEAFF,TRBV20-1*01
196992,0.00145925790887101,0.0217821871316434,9,1,1,1,8,CASGLARGSERGSSSTDTQYF,TRBV12-5*01
164315,0.00162126645759942,0.0238861796183085,10,1,1,1,9,CASSLWVLAGGPGEQYF,TRBV28*01
58366,0.0017832487780862,0.0254890417068333,11,1,1,1,10,CASSWLTTSTDTQYF,TRBV6-5*01
79057,0.0017832487780862,0.0254890417068333,11,1,1,1,10,CASSLDVGAAGYTF,TRBV5-5*01
96559,0.0017974651284144,0.0254890417068333,378,1,1,2,376,CASSPGQVGQPQHF,TRBV6-7*01
61745,0.00194520487456833,0.0256596022002384,12,1,2,1,11,CASSLTSRASYEQYF,TRBV5-1*01
66029,0.00194520487456833,0.0256596022002384,12,1,1,1,11,CSARASSGSSYEQYF,TRBV20-1*01
73106,0.00194520487456833,0.0256596022002384,12,1,1,1,11,CASLGQQSTDTQYF,TRBV7-9*01
150842,0.00194520487456833,0.0256596022002384,12,1,1,1,11,CASSEAQVFSGANVLTF,TRBV2*01
195709,0.00194520487456833,0.0256596022002384,12,1,1,1,11,CSARRGEKLFF,TRBV20-1*01
39023,0.00210713475128212,0.0271639335095327,13,1,1,1,12,CASSPPGTRGSEQYF,TRBV18*01
15389,0.00226903841246319,0.0279793127000683,14,1,2,1,13,CASSYGVAETQYF,TRBV6-5*01
28824,0.00226903841246319,0.0279793127000683,14,1,1,1,13,CASRRGIGMNTEAFF,TRBV4-1*01
41562,0.00226903841246319,0.0279793127000683,14,1,1,1,13,CASSRNGPQGNEQFF,TRBV19*01
147559,0.00226903841246319,0.0279793127000683,14,1,2,1,13,CASSSPGTSGSDTQYF,TRBV6-5*01
15619,0.00243091586234649,0.0290288173971265,15,1,1,1,14,CAWRTAGADTQYF,TRBV30*01
71427,0.00243091586234649,0.0290288173971265,15,1,1,1,14,CAISVTGIDNEQFF,TRBV10-3*01
145258,0.00243091586234649,0.0290288173971265,15,1,3,1,14,CASSLAGGGSSYEQYF,TRBV7-6*01
22366,0.00259276710516627,0.0303231835732434,16,1,3,1,15,CASSFGQGGEQYF,NA
136565,0.00259276710516627,0.0303231835732434,16,1,1,1,15,CSAREIAGGAQETQYF,TRBV20-1*01
102411,0.00275459214515612,0.0315649518670891,17,1,2,1,16,CASSPIFSNQPQHF,TRBV28*01
163863,0.00275459214515612,0.0315649518670891,17,1,1,1,16,CASSDLRDRGVTGELFF,TRBV25-1*01
106785,0.00291639098654893,0.0330848194224063,18,1,1,1,17,CSVRLQGSNSPLHF,TRBV20-1*01
66041,0.0030781636335769,0.0345742963722994,19,1,3,1,18,CASSFLAGG?NEQFF,NA
195272,0.00323991009047158,0.0360342766051676,20,1,2,1,19,CASSEGGEAFF,NA
40266,0.00340163036146379,0.0371053729559119,21,1,1,1,20,CASSQDPTPGNTIYF,TRBV4-1*01
195546,0.00340163036146379,0.0371053729559119,21,1,3,1,20,CASSLWGEQYF,TRBV7-9*01
176240,0.00345380427307308,0.0373156872645452,528,2,4,2,526,CASSL?GETQYF,NA
17519,0.00356332445078372,0.0381357703723053,22,1,1,1,21,CASRDPSGNTIYF,TRBV10-2*01
108926,0.00372499236266084,0.0394934096698485,23,1,1,1,22,CASSPLDRGNGYTF,TRBV5-4*01
44328,0.00388663410132397,0.0400833483440041,24,1,1,1,23,CASSWTSRSNTEAFF,TRBV6-5*01
93031,0.00388663410132397,0.0400833483440041,24,1,1,1,23,CASRWDFSTGELFF,TRBV27*01
113320,0.00388663410132397,0.0400833483440041,24,1,2,1,23,CASSPWT?NYGYTF,TRBV19*01
5314,0.00404824967100122,0.0410045724442939,25,1,1,1,24,CASSNTGTGLAFF,TRBV19*01
173503,0.00404824967100122,0.0410045724442939,25,1,1,1,24,CASGMNQETQYF,TRBV6-1*01
66106,0.00420983907592002,0.0414929796445946,26,1,3,1,25,CASSSLAGVSYEQYF,NA
103840,0.00420983907592002,0.0414929796445946,26,1,1,1,25,CASRRGLLGVEQYF,TRBV6-2*01
109006,0.00420983907592002,0.0414929796445946,26,1,1,1,25,CSVPGGPSGNTIYF,TRBV20-1*01
130205,0.00437140232030713,0.0423855612226121,27,1,1,1,26,CASSTDRGPLNTEAFF,TRBV5-4*01
61041,0.00453293940838863,0.0432131548403289,28,1,2,1,27,CASSLGQGGAEKLFF,NA
127134,0.00453293940838863,0.0432131548403289,28,1,1,1,27,CASSQDHGGRDYGYTF,TRBV4-3*01
176684,0.00485593513253571,0.0459065496041321,30,1,3,1,29,CASSPGVGKLFF,TRBV6-1*01
53249,0.00517882628215624,0.0485544450004928,32,1,1,1,31,CSVSAGARDGYGYTF,TRBV29-1*01
134560,0.00534023265207698,0.0496573304556891,33,1,1,1,32,CATSTRPGTGGYEQYF,TRBV15*01
144562,0.00550161289103429,0.0507420418050132,34,1,4,1,33,CASSPR?ASSYNEQFF,NA
178274,0.0055748897534029,0.0510032228304627,676,1,4,2,674,CSARQGNYGYTF,TRBV20-1*01
67077,0.00598559686433515,0.0543225904359796,37,1,2,1,36,CASSWTGGENTEAFF,TRBV6-5*01
17094,0.006308122269091,0.0567953236510584,39,1,2,1,38,CSARDTGDTEAFF,TRBV20-1*01
98984,0.00646934581089127,0.0568923243590944,40,1,3,1,39,CASSL?WGGTEAFF,NA
100942,0.00646934581089127,0.0568923243590944,40,1,3,1,39,CSARTGLAKNIQYF,TRBV20-1*01
118839,0.00646934581089127,0.0568923243590944,40,1,1,1,39,CASSFIGRRLAGEQYF,TRBV7-2*01
59667,0.00679171459442264,0.0592678395374428,42,1,2,1,41,CSARDPQGAGETQYF,TRBV20-1*01
22200,0.0074361390792483,0.0639082012176115,46,1,1,1,45,CSAYLGGNQPQHF,TRBV20-1*01
168072,0.0074361390792483,0.0639082012176115,46,1,1,1,45,CASSLIFQTQYF,TRBV7-9*01
55420,0.00775819484796934,0.0661747124851829,48,1,2,1,47,CASSLSPPDTGELFF,TRBV27*01
196219,0.00808014634582887,0.0684065124693431,50,1,4,1,49,CASRLSYEQYF,NA
141164,0.00824108300371293,0.0692521946627796,51,1,1,1,50,CSASPGTSGGPYEQYF,TRBV20-1*01
143916,0.0084019936065131,0.0700852230149098,52,1,3,1,51,CATSDPG?SSYNEQFF,TRBV24-1*01
177397,0.00936691030221324,0.0775637531535782,58,1,3,1,57,CASSTGGYEQYF,NA
195267,0.00952763863724234,0.0783229815944424,59,1,1,1,58,CSARTSNEQFF,TRBV20-1*01
61685,0.0103308900749969,0.0843152168890113,64,1,2,1,63,CSARDRLASTDTQYF,TRBV20-1*01
109488,0.0104914623444857,0.0850141098426175,65,1,2,1,64,CAWTIGYATDTQYF,TRBV30*01
143925,0.010652008617756,0.0857028802631844,66,1,3,1,65,CASSRQGT?NTGELFF,NA
160418,0.0125765377199302,0.100474481708581,78,1,1,1,77,Not Computed,Not Computed
110823,0.0128969291911368,0.102313584267642,80,1,2,1,79,Not Computed,Not Computed
24062,0.0157757884580202,0.123711978017594,98,1,1,1,97,Not Computed,Not Computed
168238,0.01769037202479,0.136522003374053,110,1,1,1,109,Not Computed,Not Computed
112311,0.0202373703856772,0.155122711014763,126,1,4,1,125,Not Computed,Not Computed
105722,0.0203963388055017,0.155291959618274,127,1,3,1,126,Not Computed,Not Computed
62128,0.0238871399078693,0.179461059423362,149,1,3,1,148,Not Computed,Not Computed
145823,0.0270498230479165,0.200565402251144,169,1,4,1,168,Not Computed,Not Computed
174492,0.027523342785005,0.202751221545761,172,1,4,1,171,Not Computed,Not Computed
101109,0.0327169072772228,0.239454810551579,205,1,4,1,204,Not Computed,Not Computed
17684,0.0383510538147215,0.277115406135456,241,1,4,1,240,Not Computed,Not Computed
177528,0.0403775490719812,0.289911797029329,254,1,4,1,253,Not Computed,Not Computed
176472,0.0450378281648901,0.321338925056504,284,1,4,1,283,Not Computed,Not Computed
195900,0.0496755239803826,0.352213092351257,314,1,4,1,313,Not Computed,Not Computed
62760,0.0549044164206802,0.386869440177485,348,1,4,1,347,Not Computed,Not Computed
178683,0.0591889999129859,0.414485181743568,376,1,4,1,375,Not Computed,Not Computed
62953,0.0689096919539364,0.47667182412936,440,1,4,1,439,Not Computed,Not Computed
177364,0.0710226977841026,0.48831070130688,454,1,4,1,453,Not Computed,Not Computed
65470,0.0800243749650321,0.546886526590183,514,1,4,1,513,Not Computed,Not Computed
179119,0.0998151102710093,0.678051749735952,648,1,4,1,647,Not Computed,Not Computed
17482,0.10868305501523,0.72955519501901,709,1,4,1,708,Not Computed,Not Computed
177486,0.184672641288834,1,1258,1,4,1,1257,Not Computed,Not Computed
